"Marca temporal","Seleccione el rango etario al cual pertenece","Seleccione nacionalidad a la que pertenece ","¿Cuántas veces a la semana realiza actividad física de al menos 30 minutos al día?","¿Con cuánta frecuencia consume galletas?","¿En qué tiempo de comida suele consumir galletas?","¿Qué tipo de galletas consume?","¿Cuántas unidades suele consumir de galletas?","¿En qué se fija al momento de comprar una galleta?","Considerando su respuesta anterior, ¿cuál es el factor más importante para usted al momento de comprar una galleta?","¿Suele leer los ingredientes de estas galletas?","¿Consume galletas con alguno de estos ingredientes que aportan fibra dietética, enfocados en mejorar la salud intestinal?","¿Se siente satisfecho luego del consumo de galletas?","¿Ha notado diferencias en la sensación de plenitud (sentirse satisfecho) cuando consume galletas azucaradas en comparación a las integrales?  ","¿Cuánto dinero está dispuesto a pagar al momento de comprar un paquete de galletas? ","¿Estaría dispuesto a pagar más por una galleta de mejor composición nutricional que presente beneficios para su salud digestiva?","¿Usted consumiría galletas preparadas con harina de cáscara de papa?","¿Cuál de estos factores consideraría más importante al momento de comprar una galleta elaborada con cáscara de papa?","¿Cuál de las siguientes afirmaciones refleja mejor su opinión sobre galletas con cáscara de papas?"
"2024/05/16 2:55:25 a. m. GMT-4","18-24 años","Chilena","No realizo actividad física","1-2 veces a la semana","A cualquier hora del día","Galletas integrales;Galletas de soda/agua;Galletas rellenas con crema;Galletas de arroz","3 unidades","Precio;Sabor;Empaque llamativo","Sabor","Algunas veces","Galletas de salvado trigo","No, no me quita el hambre","No he prestado atención","$1500 - $2000","Sí","Sí","Bajo contenido de grasas saturadas;Alto contenido de fibra;Sabor similar a una galleta elaborada tradicionalmente;Precio conveniente","Son una opción interesante para diversificar mi dieta y obtener nutrientes adicionales"
"2024/05/16 2:57:44 a. m. GMT-4","18-24 años","Chilena","5-6 veces a la semana","1-2 veces al mes","A cualquier hora del día","Galletas tipo oblea;Galletas rellenas con crema","Más de 10 unidades","Precio;Sabor","Sabor","No","No consumo","Sí, me quita el hambre","Sí","$1000 - $1500","Tal vez","Sí","Bajo contenido de grasas saturadas;Sabor similar a una galleta elaborada tradicionalmente;Precio conveniente","No tengo suficiente información para formar una opinión"
"2024/05/16 12:10:13 p. m. GMT-4","18-24 años","Chilena","No realizo actividad física","1-2 veces al mes","Once","Galletas de sabores (mantequilla, limón, vino, chocolate)","3 unidades","Sabor","Sabor","Algunas veces","Galletas de almidón modificado","No, no me quita el hambre","No he prestado atención","$1000 - $1500","Sí","Tal vez","Sabor similar a una galleta elaborada tradicionalmente","Dependiendo del sabor, estaría dispuesto/a a probarlas"
"2024/05/16 12:15:08 p. m. GMT-4","25-30 años","Chilena","3-4 veces a la semana","1-2 veces a la semana","Once","Galletas sin azúcar;Galletas de arroz","3 unidades","Calidad;Sabor;Ingredientes saludables","Ingredientes saludables","Sí","No consumo","Sí, me quita el hambre","No he prestado atención","$2000 - $3000","Sí","Tal vez","Bajo contenido de grasas saturadas;Alto contenido de fibra;Sabor similar a una galleta elaborada tradicionalmente","No tengo suficiente información para formar una opinión"
"2024/05/16 12:20:22 p. m. GMT-4","31-40 años","Chilena","1-2 veces a la semana","1-2 veces a la semana","Once","Galletas de soda/agua;Galletas rellenas con crema;Galletas de sabores (mantequilla, limón, vino, chocolate)","Más de 10 unidades","Calidad;Sabor","Sabor","Algunas veces","Galletas de salvado arroz","Sí, me quita el hambre","No he prestado atención","$1500 - $2000","Sí","Sí","Alto contenido de fibra","Son una opción interesante para diversificar mi dieta y obtener nutrientes adicionales"
"2024/05/16 12:20:31 p. m. GMT-4","25-30 años","Colombiana","3-4 veces a la semana","1-2 veces al mes","A cualquier hora del día","Galletas de sabores (mantequilla, limón, vino, chocolate)","4 unidades","Sabor;Sellos de advertencia","Sabor","Algunas veces","Galletas de almidón modificado","No, no me quita el hambre","No he prestado atención","$1500 - $2000","Sí","Tal vez","Bajo contenido de grasas saturadas;Alto contenido de fibra;Reducción del desperdicio de alimentos","Son una opción interesante para diversificar mi dieta y obtener nutrientes adicionales"
"2024/05/16 12:22:16 p. m. GMT-4","31-40 años","Chilena","No realizo actividad física","1-2 veces a la semana","Cena","Galletas rellenas con crema;Galletas de sabores (mantequilla, limón, vino, chocolate)","6 unidades","Sabor","Sabor","No","No consumo","Sí, me quita el hambre","No he prestado atención","$1000 - $1500","Sí","Sí","Bajo contenido de grasas saturadas;Precio conveniente","No tengo suficiente información para formar una opinión"
"2024/05/16 12:22:21 p. m. GMT-4","18-24 años","Chilena","3-4 veces a la semana","1-2 veces al mes","Colación","Galletas de sabores (mantequilla, limón, vino, chocolate)","6 unidades","Sabor;Marca","Sabor","No","Galletas de harina integral;Galletas de salvado arroz","No, no me quita el hambre","No he prestado atención","$500 - $1000","Sí","Sí","Sabor similar a una galleta elaborada tradicionalmente","Dependiendo del sabor, estaría dispuesto/a a probarlas"
"2024/05/16 12:22:25 p. m. GMT-4","18-24 años","Chilena","5-6 veces a la semana","3-4 veces a la semana","Colación","Galletas rellenas con crema;Galletas de arroz;Galletas de sabores (mantequilla, limón, vino, chocolate)","6 unidades","Precio;Sabor","Sabor","Algunas veces","Galletas de salvado trigo;Galletas de salvado arroz","Sí, me quita el hambre","No he prestado atención","$500 - $1000","Tal vez","Sí","Bajo contenido de grasas saturadas;Sabor similar a una galleta elaborada tradicionalmente;Precio conveniente","Dependiendo del sabor, estaría dispuesto/a a probarlas"
"2024/05/16 12:23:25 p. m. GMT-4","18-24 años","Chilena","1-2 veces a la semana","1-2 veces a la semana","A cualquier hora del día","Galletas rellenas con crema;Galletas sin azúcar;Galletas de sabores (mantequilla, limón, vino, chocolate)","5 unidades","Precio;Sabor","Sabor","No","No consumo","No, no me quita el hambre","No he prestado atención","$1000 - $1500","Tal vez","Sí","Precio conveniente","Son una opción interesante para diversificar mi dieta y obtener nutrientes adicionales"
"2024/05/16 12:25:59 p. m. GMT-4","41-50 años","Chilena","3-4 veces a la semana","1-2 veces al mes","Colación","Galletas de sabores (mantequilla, limón, vino, chocolate)","4 unidades","Sabor","Sabor","No","No consumo","No, no me quita el hambre","No, es igual","$1500 - $2000","Tal vez","Tal vez","Sabor similar a una galleta elaborada tradicionalmente","Dependiendo del sabor, estaría dispuesto/a a probarlas"
"2024/05/16 12:26:37 p. m. GMT-4","18-24 años","Chilena","1-2 veces a la semana","1-2 veces al mes","A cualquier hora del día","Galletas de sabores (mantequilla, limón, vino, chocolate)","10 unidades","Precio;Sabor;Empaque llamativo;Marca","Sabor","Algunas veces","Galletas de salvado trigo;Galletas de harina integral;Galletas de salvado arroz","No, no me quita el hambre","No he prestado atención","$1000 - $1500","Tal vez","Sí","Sabor similar a una galleta elaborada tradicionalmente;Precio conveniente","Dependiendo del sabor, estaría dispuesto/a a probarlas"
"2024/05/16 12:30:12 p. m. GMT-4","18-24 años","Chilena","5-6 veces a la semana","3-4 veces a la semana","A cualquier hora del día","Galletas tipo oblea;Galletas rellenas con crema;Galletas de sabores (mantequilla, limón, vino, chocolate)","8 unidades","Precio;Sabor;Empaque llamativo","Sabor","Algunas veces","No consumo","No, no me quita el hambre","No he prestado atención","$1000 - $1500","Tal vez","Sí","Alto contenido de fibra;Reducción del desperdicio de alimentos;Precio conveniente","Dependiendo del sabor, estaría dispuesto/a a probarlas"
"2024/05/16 12:30:55 p. m. GMT-4","18-24 años","Chilena","3-4 veces a la semana","1-2 veces a la semana","Colación","Galletas de sabores (mantequilla, limón, vino, chocolate)","6 unidades","Precio;Sabor","Sabor","No","No consumo","Sí, me quita el hambre","No he prestado atención","$1000 - $1500","Tal vez","Tal vez","Reducción del desperdicio de alimentos;Sabor similar a una galleta elaborada tradicionalmente","Son una opción interesante para diversificar mi dieta y obtener nutrientes adicionales"
"2024/05/16 12:32:40 p. m. GMT-4","18-24 años","Chilena","1-2 veces a la semana","1-2 veces al mes","A cualquier hora del día","Galletas de sabores (mantequilla, limón, vino, chocolate)","Más de 10 unidades","Precio;Calidad;Sabor","Sabor","No","Galletas de harina integral","Sí, me quita el hambre","No he prestado atención","$1000 - $1500","Sí","Tal vez","Bajo contenido de grasas saturadas;Alto contenido de fibra","No tengo suficiente información para formar una opinión"
"2024/05/16 12:32:46 p. m. GMT-4","18-24 años","Chilena","3-4 veces a la semana","1-2 veces al mes","A cualquier hora del día","Galletas tipo oblea;Galletas de sabores (mantequilla, limón, vino, chocolate)","5 unidades","Precio;Calidad;Sabor","Sabor","Algunas veces","Galletas de salvado trigo","Sí, me quita el hambre","Sí","$500 - $1000","Tal vez","Tal vez","Alto contenido de fibra","Son una opción interesante para diversificar mi dieta y obtener nutrientes adicionales"
"2024/05/16 12:36:50 p. m. GMT-4","18-24 años","Chilena","No realizo actividad física","1-2 veces a la semana","Colación","Galletas integrales;Galletas rellenas con crema;Galletas sin azúcar;Galletas de sabores (mantequilla, limón, vino, chocolate)","5 unidades","Sellos de advertencia","Sabor","Algunas veces","Galletas de harina integral","Sí, me quita el hambre","Sí","$1500 - $2000","Sí","Tal vez","Bajo contenido de grasas saturadas","Son una opción interesante para diversificar mi dieta y obtener nutrientes adicionales"
"2024/05/16 12:40:40 p. m. GMT-4","31-40 años","Chilena","3-4 veces a la semana","3-4 veces a la semana","A cualquier hora del día","Galletas de sabores (mantequilla, limón, vino, chocolate)","5 unidades","Sabor","Sabor","No","No consumo","Sí, me quita el hambre","No he prestado atención","$2000 - $3000","Tal vez","No","Sabor similar a una galleta elaborada tradicionalmente","Dependiendo del sabor, estaría dispuesto/a a probarlas"
"2024/05/16 12:42:03 p. m. GMT-4","31-40 años","Chilena","No realizo actividad física","1-2 veces a la semana","A cualquier hora del día","Galletas rellenas con crema;Galletas de sabores (mantequilla, limón, vino, chocolate)","6 unidades","Sabor","Sabor","No","Galletas de salvado trigo","Sí, me quita el hambre","No, es igual","$1000 - $1500","Tal vez","Sí","Sabor similar a una galleta elaborada tradicionalmente","Dependiendo del sabor, estaría dispuesto/a a probarlas"
"2024/05/16 12:42:20 p. m. GMT-4","25-30 años","Chilena","1-2 veces a la semana","1-2 veces a la semana","A cualquier hora del día","Galletas integrales;Galletas rellenas con crema;Galletas de sabores (mantequilla, limón, vino, chocolate)","4 unidades","Precio;Sabor","Sabor","No","Galletas de salvado trigo","Sí, me quita el hambre","No he prestado atención","$1500 - $2000","Sí","Sí","Bajo contenido de grasas saturadas;Sabor similar a una galleta elaborada tradicionalmente;Precio conveniente","Son una opción interesante para diversificar mi dieta y obtener nutrientes adicionales"
"2024/05/16 12:46:05 p. m. GMT-4","18-24 años","Chilena","1-2 veces a la semana","3-4 veces a la semana","Colación","Galletas tipo oblea;Galletas rellenas con crema;Galletas de sabores (mantequilla, limón, vino, chocolate)","6 unidades","Sabor","Sabor","Sí","Galletas de harina integral","Sí, me quita el hambre","No he prestado atención","$1500 - $2000","Tal vez","Tal vez","Sabor similar a una galleta elaborada tradicionalmente;Precio conveniente","Son una opción interesante para diversificar mi dieta y obtener nutrientes adicionales"
"2024/05/16 12:52:54 p. m. GMT-4","18-24 años","Chilena","No realizo actividad física","1-2 veces al mes","A cualquier hora del día","Galletas de soda/agua;Galletas tipo oblea;Galletas rellenas con crema;Galletas de arroz;Galletas de sabores (mantequilla, limón, vino, chocolate)","Más de 10 unidades","Precio;Calidad;Sabor;Empaque llamativo","Sabor","No","Galletas de salvado trigo;Galletas de harina integral;Galletas de salvado arroz;Galletas con harina de cáscara de papa","No, no me quita el hambre","No, es igual","$1000 - $1500","Tal vez","Sí","Reducción del desperdicio de alimentos;Sabor similar a una galleta elaborada tradicionalmente;Precio conveniente","Son una opción interesante para diversificar mi dieta y obtener nutrientes adicionales"
"2024/05/16 12:53:04 p. m. GMT-4","18-24 años","Chilena","No realizo actividad física","3-4 veces a la semana","Colación","Galletas tipo oblea;Galletas rellenas con crema;Galletas de arroz;Galletas de sabores (mantequilla, limón, vino, chocolate)","5 unidades","Precio;Ingredientes en general","Ingredientes en general","Sí","Galletas de salvado arroz","No, no me quita el hambre","Sí","$1000 - $1500","Sí","No","Bajo contenido de grasas saturadas;Sabor similar a una galleta elaborada tradicionalmente;Precio conveniente","Son una opción interesante para diversificar mi dieta y obtener nutrientes adicionales"
"2024/05/16 12:54:02 p. m. GMT-4","18-24 años","Chilena","No realizo actividad física","1-2 veces al mes","A cualquier hora del día","Galletas rellenas con crema;Galletas de sabores (mantequilla, limón, vino, chocolate)","3 unidades","Precio;Calidad;Sabor;Empaque llamativo;Marca","Sabor","Algunas veces","No consumo","Sí, me quita el hambre","No he prestado atención","$2000 - $3000","No","Tal vez","Sabor similar a una galleta elaborada tradicionalmente;Precio conveniente","No tengo suficiente información para formar una opinión"
"2024/05/16 12:56:31 p. m. GMT-4","18-24 años","Chilena","No realizo actividad física","Todos los días","A cualquier hora del día","Galletas de soda/agua;Galletas rellenas con crema;Galletas de sabores (mantequilla, limón, vino, chocolate)","2 unidades","Calidad;Sabor;Marca","Sabor","No","No consumo","Sí, me quita el hambre","No he prestado atención","$1500 - $2000","No","Tal vez","Sabor similar a una galleta elaborada tradicionalmente","Dependiendo del sabor, estaría dispuesto/a a probarlas"
"2024/05/16 12:57:44 p. m. GMT-4","25-30 años","Chilena","No realizo actividad física","1-2 veces al mes","A cualquier hora del día","Galletas de sabores (mantequilla, limón, vino, chocolate)","4 unidades","Precio;Sabor","Sabor","No","No consumo","Sí, me quita el hambre","No he prestado atención","$1000 - $1500","Tal vez","Sí","Sabor similar a una galleta elaborada tradicionalmente;Precio conveniente","No tengo suficiente información para formar una opinión"
"2024/05/16 1:03:23 p. m. GMT-4","18-24 años","Chilena","No realizo actividad física","1-2 veces a la semana","Desayuno","Galletas rellenas con crema","5 unidades","Precio","Sabor","Algunas veces","Galletas de harina integral","Sí, me quita el hambre","Sí","$1000 - $1500","Tal vez","No","Alto contenido de fibra;Sabor similar a una galleta elaborada tradicionalmente;Precio conveniente","Dependiendo del sabor, estaría dispuesto/a a probarlas"
"2024/05/16 1:04:32 p. m. GMT-4","18-24 años","Chilena","3-4 veces a la semana","1-2 veces a la semana","Colación","Galletas de soda/agua;Galletas tipo oblea;Galletas de sabores (mantequilla, limón, vino, chocolate)","7 unidades","Precio;Calidad;Sabor","Precio","Sí","No consumo","No, no me quita el hambre","No he prestado atención","$500 - $1000","No","Tal vez","Sabor similar a una galleta elaborada tradicionalmente;Precio conveniente","Dependiendo del sabor, estaría dispuesto/a a probarlas"
"2024/05/16 1:06:28 p. m. GMT-4","41-50 años","Chilena","3-4 veces a la semana","3-4 veces a la semana","Once","Galletas integrales;Galletas tipo oblea;Galletas rellenas con crema","4 unidades","Precio;Sabor;Ingredientes en general","Sabor","Algunas veces","Galletas de salvado trigo;Galletas de salvado arroz","Sí, me quita el hambre","Sí","$2000 - $3000","Sí","Sí","Sabor similar a una galleta elaborada tradicionalmente;Precio conveniente","Dependiendo del sabor, estaría dispuesto/a a probarlas"
"2024/05/16 1:08:47 p. m. GMT-4","18-24 años","Chilena","1-2 veces a la semana","1-2 veces a la semana","Once","Galletas de sabores (mantequilla, limón, vino, chocolate)","4 unidades","Precio;Sabor;Empaque llamativo;Marca","Sabor","No","Galletas de salvado trigo","No, no me quita el hambre","No he prestado atención","$1000 - $1500","Tal vez","No","Sabor similar a una galleta elaborada tradicionalmente;Precio conveniente","Dependiendo del sabor, estaría dispuesto/a a probarlas"
"2024/05/16 1:11:19 p. m. GMT-4","25-30 años","Chilena","1-2 veces a la semana","1-2 veces a la semana","Desayuno","Galletas integrales;Galletas sin azúcar","2 unidades","Precio;Calidad;Ingredientes saludables","Ingredientes saludables","Sí","Galletas de harina integral","Sí, me quita el hambre","No, es igual","$1500 - $2000","Sí","Tal vez","Alto contenido de fibra;Sabor similar a una galleta elaborada tradicionalmente","Son una opción interesante para diversificar mi dieta y obtener nutrientes adicionales"
"2024/05/16 1:16:36 p. m. GMT-4","31-40 años","Chilena","1-2 veces a la semana","3-4 veces a la semana","Colación","Galletas de sabores (mantequilla, limón, vino, chocolate)","6 unidades","Precio;Calidad;Sabor","Calidad","Algunas veces","No consumo","Sí, me quita el hambre","No he prestado atención","$500 - $1000","Tal vez","Tal vez","Bajo contenido de grasas saturadas;Sabor similar a una galleta elaborada tradicionalmente","Dependiendo del sabor, estaría dispuesto/a a probarlas"
"2024/05/16 1:25:30 p. m. GMT-4","18-24 años","Chilena","5-6 veces a la semana","3-4 veces a la semana","A cualquier hora del día","Galletas rellenas con crema;Galletas de sabores (mantequilla, limón, vino, chocolate)","1 unidad","Sabor;Sellos de advertencia;Marca","Sabor","Algunas veces","No consumo","No, no me quita el hambre","Sí","$500 - $1000","Sí","Sí","Alto contenido de fibra;Reducción del desperdicio de alimentos;Precio conveniente","No tengo suficiente información para formar una opinión"
"2024/05/16 1:35:09 p. m. GMT-4","18-24 años","Chilena","No realizo actividad física","1-2 veces a la semana","Once","Galletas integrales;Galletas rellenas con crema;Galletas sin azúcar;Galletas de arroz","4 unidades","Precio;Calidad;Sabor;Ingredientes saludables;Sellos de advertencia;Marca","Sellos de advertencia","Sí","Galletas de salvado trigo","No, no me quita el hambre","No, es igual","$1000 - $1500","Tal vez","Sí","Alto contenido de fibra","Son una opción interesante para diversificar mi dieta y obtener nutrientes adicionales"
"2024/05/16 1:35:50 p. m. GMT-4","25-30 años","Chilena","No realizo actividad física","3-4 veces a la semana","A cualquier hora del día","Galletas tipo oblea;Galletas rellenas con crema;Galletas de sabores (mantequilla, limón, vino, chocolate)","4 unidades","Precio;Sabor;Marca","Precio","No","No consumo","Sí, me quita el hambre","No he prestado atención","$1500 - $2000","Sí","Sí","Sabor similar a una galleta elaborada tradicionalmente;Precio conveniente","No tengo suficiente información para formar una opinión"
"2024/05/16 1:38:58 p. m. GMT-4","18-24 años","Chilena","1-2 veces a la semana","1-2 veces al mes","A cualquier hora del día","Galletas tipo oblea","4 unidades","Precio;Calidad;Sabor;Ingredientes saludables;Sellos de advertencia","Ingredientes saludables","Algunas veces","No consumo","No, no me quita el hambre","No, es igual","$3000 o más","Sí","Tal vez","Sabor similar a una galleta elaborada tradicionalmente","Dependiendo del sabor, estaría dispuesto/a a probarlas"
"2024/05/16 1:49:47 p. m. GMT-4","18-24 años","Chilena","3-4 veces a la semana","1-2 veces a la semana","Once","Galletas rellenas con crema;Galletas sin azúcar","4 unidades","Calidad;Ingredientes en general;Ingredientes saludables;Sellos de advertencia","Ingredientes saludables","Algunas veces","Galletas de salvado trigo;Galletas de harina integral","Sí, me quita el hambre","No, es igual","$3000 o más","Sí","Tal vez","Bajo contenido de grasas saturadas;Alto contenido de fibra","Son una opción interesante para diversificar mi dieta y obtener nutrientes adicionales"
"2024/05/16 1:59:16 p. m. GMT-4","18-24 años","Chilena","5-6 veces a la semana","5-6 veces a la semana","A cualquier hora del día","Galletas integrales;Galletas rellenas con crema;Galletas de sabores (mantequilla, limón, vino, chocolate)","Más de 10 unidades","Sabor","Precio","Algunas veces","No consumo","Sí, me quita el hambre","Sí","$1000 - $1500","Tal vez","Tal vez","Sabor similar a una galleta elaborada tradicionalmente","Dependiendo del sabor, estaría dispuesto/a a probarlas"
"2024/05/16 1:59:44 p. m. GMT-4","25-30 años","Chilena","No realizo actividad física","1-2 veces a la semana","Colación","Galletas rellenas con crema","6 unidades","Sabor","Calidad","Algunas veces","Galletas de salvado trigo","Sí, me quita el hambre","No he prestado atención","$1500 - $2000","Tal vez","Tal vez","Sabor similar a una galleta elaborada tradicionalmente","Dependiendo del sabor, estaría dispuesto/a a probarlas"
"2024/05/16 2:02:35 p. m. GMT-4","18-24 años","Chilena","No realizo actividad física","1-2 veces a la semana","A cualquier hora del día","Galletas rellenas con crema;Galletas de sabores (mantequilla, limón, vino, chocolate)","3 unidades","Precio;Sabor;Sellos de advertencia;Empaque llamativo;Marca","Precio","No","No consumo","Sí, me quita el hambre","No he prestado atención","$1500 - $2000","Sí","No","Alto contenido de fibra;Sabor similar a una galleta elaborada tradicionalmente","Dependiendo del sabor, estaría dispuesto/a a probarlas"
"2024/05/16 2:03:35 p. m. GMT-4","18-24 años","Chilena","5-6 veces a la semana","1-2 veces a la semana","A cualquier hora del día","Galletas integrales","2 unidades","Calidad;Ingredientes en general;Ingredientes saludables;Sellos de advertencia","Ingredientes en general","Sí","Galletas de salvado trigo;Galletas de harina integral;Galletas de salvado arroz;Galletas de almidón modificado;Galletas con harina de cáscara de papa","No, no me quita el hambre","No, es igual","$3000 o más","Sí","Sí","Bajo contenido de grasas saturadas;Alto contenido de fibra","Dependiendo del sabor, estaría dispuesto/a a probarlas"
"2024/05/16 2:03:50 p. m. GMT-4","25-30 años","Otra","5-6 veces a la semana","1-2 veces al mes","Once","Galletas rellenas con crema;Galletas sin azúcar","6 unidades","Sabor","Sabor","Algunas veces","Galletas de harina integral","Sí, me quita el hambre","No, es igual","$1000 - $1500","Sí","Tal vez","Sabor similar a una galleta elaborada tradicionalmente","Son una opción interesante para diversificar mi dieta y obtener nutrientes adicionales"
"2024/05/16 2:05:27 p. m. GMT-4","18-24 años","Chilena","5-6 veces a la semana","Todos los días","Colación","Galletas integrales","6 unidades","Ingredientes en general;Ingredientes saludables","Ingredientes saludables","Sí","Galletas de salvado trigo","Sí, me quita el hambre","No, es igual","$1500 - $2000","No","Sí","Bajo contenido de grasas saturadas;Alto contenido de fibra;Reducción del desperdicio de alimentos;Precio conveniente","Son una opción interesante para diversificar mi dieta y obtener nutrientes adicionales"
"2024/05/16 2:06:47 p. m. GMT-4","18-24 años","Chilena","Todos los días","3-4 veces a la semana","A cualquier hora del día","Galletas de sabores (mantequilla, limón, vino, chocolate)","Más de 10 unidades","Sabor","Ingredientes en general","Algunas veces","No consumo","No, no me quita el hambre","Sí","$1000 - $1500","Tal vez","Tal vez","Alto contenido de fibra","Son una alternativa poco atractiva en comparación con otras opciones en el mercado"
"2024/05/16 2:20:47 p. m. GMT-4","31-40 años","Chilena","3-4 veces a la semana","1-2 veces a la semana","Colación","Galletas de sabores (mantequilla, limón, vino, chocolate)","8 unidades","Sabor","Sabor","No","Galletas de salvado trigo","Sí, me quita el hambre","No he prestado atención","$1000 - $1500","Sí","Sí","Sabor similar a una galleta elaborada tradicionalmente","No tengo suficiente información para formar una opinión"
"2024/05/16 2:22:13 p. m. GMT-4","25-30 años","Chilena","1-2 veces a la semana","1-2 veces al mes","A cualquier hora del día","Galletas rellenas con crema","3 unidades","Marca","Marca","No","No consumo","Sí, me quita el hambre","Sí","$1000 - $1500","Tal vez","Tal vez","Bajo contenido de grasas saturadas;Alto contenido de fibra","Dependiendo del sabor, estaría dispuesto/a a probarlas"
"2024/05/16 2:28:20 p. m. GMT-4","18-24 años","Chilena","5-6 veces a la semana","3-4 veces a la semana","A cualquier hora del día","Galletas tipo oblea;Galletas rellenas con crema","8 unidades","Sabor","Sabor","Algunas veces","No consumo","No, no me quita el hambre","Sí","$1000 - $1500","Sí","Sí","Bajo contenido de grasas saturadas;Alto contenido de fibra;Precio conveniente","No tengo suficiente información para formar una opinión"
"2024/05/16 2:29:44 p. m. GMT-4","18-24 años","Chilena","1-2 veces a la semana","1-2 veces a la semana","Once","Galletas de sabores (mantequilla, limón, vino, chocolate)","5 unidades","Marca","Sabor","No","Galletas de salvado trigo","Sí, me quita el hambre","Sí","$1000 - $1500","Sí","Tal vez","Sabor similar a una galleta elaborada tradicionalmente","Son una opción interesante para diversificar mi dieta y obtener nutrientes adicionales"
"2024/05/16 2:31:05 p. m. GMT-4","25-30 años","Chilena","5-6 veces a la semana","3-4 veces a la semana","A cualquier hora del día","Galletas integrales;Galletas de soda/agua;Galletas rellenas con crema","5 unidades","Calidad;Ingredientes en general","Calidad","Algunas veces","Galletas de harina integral","Sí, me quita el hambre","Sí","$1000 - $1500","Sí","Sí","Bajo contenido de grasas saturadas;Sabor similar a una galleta elaborada tradicionalmente","Dependiendo del sabor, estaría dispuesto/a a probarlas"
"2024/05/16 2:32:48 p. m. GMT-4","18-24 años","Chilena","1-2 veces a la semana","1-2 veces al mes","Colación","Galletas de sabores (mantequilla, limón, vino, chocolate)","1 unidad","Sabor","Sabor","Algunas veces","Galletas de harina integral","Sí, me quita el hambre","No he prestado atención","$1500 - $2000","Tal vez","Tal vez","Sabor similar a una galleta elaborada tradicionalmente","Son una opción interesante para diversificar mi dieta y obtener nutrientes adicionales"
"2024/05/16 2:39:41 p. m. GMT-4","18-24 años","Chilena","No realizo actividad física","1-2 veces a la semana","A cualquier hora del día","Galletas tipo oblea;Galletas rellenas con crema;Galletas de arroz;Galletas de sabores (mantequilla, limón, vino, chocolate)","8 unidades","Precio;Sabor;Empaque llamativo;Marca","Sabor","No","No consumo","No, no me quita el hambre","No he prestado atención","$1000 - $1500","No","Sí","Alto contenido de fibra;Sabor similar a una galleta elaborada tradicionalmente;Precio conveniente","Dependiendo del sabor, estaría dispuesto/a a probarlas"
"2024/05/16 2:40:27 p. m. GMT-4","18-24 años","Chilena","1-2 veces a la semana","1-2 veces a la semana","Colación","Galletas rellenas con crema;Galletas de arroz;Galletas de sabores (mantequilla, limón, vino, chocolate)","3 unidades","Precio;Sabor","Sabor","Sí","No consumo","No, no me quita el hambre","Sí","$1000 - $1500","Sí","Tal vez","Sabor similar a una galleta elaborada tradicionalmente;Precio conveniente","Dependiendo del sabor, estaría dispuesto/a a probarlas"
"2024/05/16 2:45:11 p. m. GMT-4","31-40 años","Chilena","Todos los días","1-2 veces al mes","A cualquier hora del día","Galletas de sabores (mantequilla, limón, vino, chocolate)","4 unidades","Precio","Precio","No","Galletas de salvado trigo;Galletas de salvado arroz","No, no me quita el hambre","Sí","$500 - $1000","Tal vez","Sí","Alto contenido de fibra","Son una opción interesante para diversificar mi dieta y obtener nutrientes adicionales"
"2024/05/16 2:48:46 p. m. GMT-4","51 años o más","Chilena","No realizo actividad física","1-2 veces al mes","A cualquier hora del día","Galletas de sabores (mantequilla, limón, vino, chocolate)","8 unidades","Calidad","Calidad","Algunas veces","Galletas de salvado trigo","No, no me quita el hambre","No, es igual","$2000 - $3000","Sí","Tal vez","Bajo contenido de grasas saturadas","No tengo suficiente información para formar una opinión"
"2024/05/16 2:48:58 p. m. GMT-4","25-30 años","Chilena","1-2 veces a la semana","1-2 veces al mes","Once","Galletas tipo oblea;Galletas rellenas con crema;Galletas de sabores (mantequilla, limón, vino, chocolate)","6 unidades","Sabor","Sabor","No","Galletas de harina integral","Sí, me quita el hambre","No he prestado atención","$1500 - $2000","Tal vez","Tal vez","Sabor similar a una galleta elaborada tradicionalmente;Precio conveniente","Dependiendo del sabor, estaría dispuesto/a a probarlas"
"2024/05/16 2:54:05 p. m. GMT-4","18-24 años","Chilena","1-2 veces a la semana","1-2 veces a la semana","Colación","Galletas rellenas con crema;Galletas de arroz;Galletas de sabores (mantequilla, limón, vino, chocolate)","6 unidades","Sabor;Marca","Sabor","Algunas veces","Galletas de salvado arroz","Sí, me quita el hambre","No, es igual","$3000 o más","Sí","Sí","Reducción del desperdicio de alimentos;Sabor similar a una galleta elaborada tradicionalmente","Dependiendo del sabor, estaría dispuesto/a a probarlas"
"2024/05/16 2:55:05 p. m. GMT-4","18-24 años","Chilena","5-6 veces a la semana","1-2 veces al mes","Colación","Galletas de sabores (mantequilla, limón, vino, chocolate)","8 unidades","Sabor","Calidad","Algunas veces","Galletas de harina integral","Sí, me quita el hambre","No, es igual","$1500 - $2000","Sí","Sí","Reducción del desperdicio de alimentos","Son una opción interesante para diversificar mi dieta y obtener nutrientes adicionales"
"2024/05/16 2:56:03 p. m. GMT-4","18-24 años","Chilena","5-6 veces a la semana","1-2 veces a la semana","Once","Galletas de soda/agua;Galletas de arroz;Galletas de sabores (mantequilla, limón, vino, chocolate)","4 unidades","Precio;Calidad;Sabor;Sellos de advertencia;Marca","Marca","Sí","Galletas de salvado trigo;Galletas de salvado arroz","No, no me quita el hambre","Sí","$1500 - $2000","Tal vez","Tal vez","Sabor similar a una galleta elaborada tradicionalmente","Son una alternativa poco atractiva en comparación con otras opciones en el mercado"
"2024/05/16 2:56:41 p. m. GMT-4","41-50 años","Peruana","No realizo actividad física","1-2 veces al mes","Once","Galletas integrales;Galletas de soda/agua;Galletas rellenas con crema","6 unidades","Sabor","Marca","No","Galletas de salvado trigo;Galletas de harina integral","Sí, me quita el hambre","No he prestado atención","$500 - $1000","Sí","Tal vez","Bajo contenido de grasas saturadas","Son una opción interesante para diversificar mi dieta y obtener nutrientes adicionales"
"2024/05/16 2:57:34 p. m. GMT-4","18-24 años","Chilena","3-4 veces a la semana","5-6 veces a la semana","A cualquier hora del día","Galletas tipo oblea;Galletas rellenas con crema;Galletas de sabores (mantequilla, limón, vino, chocolate)","Más de 10 unidades","Calidad","Calidad","No","No consumo","Sí, me quita el hambre","Sí","$3000 o más","Tal vez","No","Sabor similar a una galleta elaborada tradicionalmente","Dependiendo del sabor, estaría dispuesto/a a probarlas"
"2024/05/16 2:58:47 p. m. GMT-4","18-24 años","Chilena","3-4 veces a la semana","1-2 veces a la semana","A cualquier hora del día","Galletas rellenas con crema;Galletas de sabores (mantequilla, limón, vino, chocolate)","4 unidades","Sabor;Sellos de advertencia;Empaque llamativo;Marca","Sellos de advertencia","Sí","Galletas de salvado trigo","No, no me quita el hambre","Sí","$1500 - $2000","Tal vez","Sí","Alto contenido de fibra;Precio conveniente","Son una opción interesante para diversificar mi dieta y obtener nutrientes adicionales"
"2024/05/16 3:04:58 p. m. GMT-4","18-24 años","Chilena","5-6 veces a la semana","1-2 veces a la semana","Once","Galletas de sabores (mantequilla, limón, vino, chocolate)","3 unidades","Sabor","Ingredientes en general","Algunas veces","No consumo","No, no me quita el hambre","No, es igual","$500 - $1000","Sí","Tal vez","Bajo contenido de grasas saturadas","No tengo suficiente información para formar una opinión"
"2024/05/16 3:06:15 p. m. GMT-4","18-24 años","Chilena","5-6 veces a la semana","1-2 veces a la semana","A cualquier hora del día","Galletas rellenas con crema;Galletas de sabores (mantequilla, limón, vino, chocolate)","4 unidades","Calidad;Sabor;Marca","Sabor","Algunas veces","No consumo","No, no me quita el hambre","No, es igual","$1000 - $1500","Tal vez","Tal vez","Sabor similar a una galleta elaborada tradicionalmente;Precio conveniente","Dependiendo del sabor, estaría dispuesto/a a probarlas"
"2024/05/16 3:07:14 p. m. GMT-4","18-24 años","Chilena","No realizo actividad física","5-6 veces a la semana","Colación","Galletas rellenas con crema","Más de 10 unidades","Precio","Precio","Sí","Galletas de salvado trigo;Galletas de harina integral","Sí, me quita el hambre","No he prestado atención","$1000 - $1500","Tal vez","Sí","Sabor similar a una galleta elaborada tradicionalmente;Precio conveniente","Son una opción interesante para diversificar mi dieta y obtener nutrientes adicionales"
"2024/05/16 3:08:19 p. m. GMT-4","18-24 años","Chilena","1-2 veces a la semana","Todos los días","A cualquier hora del día","Galletas de soda/agua;Galletas rellenas con crema;Galletas de arroz;Galletas de sabores (mantequilla, limón, vino, chocolate)","7 unidades","Sabor","Sabor","Algunas veces","Galletas de salvado trigo;Galletas de harina integral","No, no me quita el hambre","No he prestado atención","$500 - $1000","Tal vez","Sí","Reducción del desperdicio de alimentos;Sabor similar a una galleta elaborada tradicionalmente;Precio conveniente","Dependiendo del sabor, estaría dispuesto/a a probarlas"
"2024/05/16 3:09:41 p. m. GMT-4","18-24 años","Chilena","No realizo actividad física","1-2 veces a la semana","Colación","Galletas rellenas con crema","Más de 10 unidades","Sabor","Sabor","Algunas veces","No consumo","No, no me quita el hambre","No he prestado atención","$1000 - $1500","Sí","Sí","Sabor similar a una galleta elaborada tradicionalmente","Dependiendo del sabor, estaría dispuesto/a a probarlas"
"2024/05/16 3:15:22 p. m. GMT-4","18-24 años","Chilena","1-2 veces a la semana","5-6 veces a la semana","Colación","Galletas rellenas con crema;Galletas sin azúcar;Galletas de sabores (mantequilla, limón, vino, chocolate)","7 unidades","Precio;Calidad;Sabor;Ingredientes en general;Marca","Calidad","Algunas veces","No consumo","Sí, me quita el hambre","Sí","$1500 - $2000","Sí","Tal vez","Alto contenido de fibra;Reducción del desperdicio de alimentos;Sabor similar a una galleta elaborada tradicionalmente","Dependiendo del sabor, estaría dispuesto/a a probarlas"
"2024/05/16 3:19:55 p. m. GMT-4","51 años o más","Chilena","5-6 veces a la semana","1-2 veces al mes","A cualquier hora del día","Galletas de soda/agua;Galletas tipo oblea;Galletas rellenas con crema","10 unidades","Precio;Sabor","Calidad","No","No consumo","Sí, me quita el hambre","No he prestado atención","$500 - $1000","No","Tal vez","Sabor similar a una galleta elaborada tradicionalmente;Precio conveniente","No tengo suficiente información para formar una opinión"
"2024/05/16 3:20:05 p. m. GMT-4","18-24 años","Chilena","3-4 veces a la semana","Todos los días","Colación","Galletas integrales;Galletas sin azúcar;Galletas de arroz","4 unidades","Precio;Ingredientes en general;Ingredientes saludables;Sellos de advertencia","Ingredientes en general","Sí","Galletas de salvado trigo;Galletas de harina integral;Galletas de salvado arroz","Sí, me quita el hambre","No, es igual","$3000 o más","Sí","Tal vez","Bajo contenido de grasas saturadas;Alto contenido de fibra;Precio conveniente","Son una opción interesante para diversificar mi dieta y obtener nutrientes adicionales"
"2024/05/16 3:23:05 p. m. GMT-4","25-30 años","Chilena","No realizo actividad física","1-2 veces al mes","A cualquier hora del día","Galletas rellenas con crema","3 unidades","Sabor;Ingredientes en general","Sabor","Sí","No consumo","Sí, me quita el hambre","No he prestado atención","$1000 - $1500","Tal vez","Tal vez","Sabor similar a una galleta elaborada tradicionalmente","Dependiendo del sabor, estaría dispuesto/a a probarlas"
"2024/05/16 3:24:57 p. m. GMT-4","18-24 años","Chilena","3-4 veces a la semana","Todos los días","Colación","Galletas de arroz","6 unidades","Precio;Calidad;Sabor","Precio","Algunas veces","Galletas de salvado arroz","Sí, me quita el hambre","No he prestado atención","$500 - $1000","Sí","Tal vez","Alto contenido de fibra;Sabor similar a una galleta elaborada tradicionalmente","Son una opción interesante para diversificar mi dieta y obtener nutrientes adicionales"
"2024/05/16 3:27:53 p. m. GMT-4","18-24 años","Chilena","1-2 veces a la semana","3-4 veces a la semana","Colación","Galletas rellenas con crema","3 unidades","Sabor","Sabor","Sí","No consumo","No, no me quita el hambre","No, es igual","$1000 - $1500","Sí","Sí","Sabor similar a una galleta elaborada tradicionalmente","Dependiendo del sabor, estaría dispuesto/a a probarlas"
"2024/05/16 3:38:35 p. m. GMT-4","18-24 años","Chilena","3-4 veces a la semana","1-2 veces a la semana","Desayuno","Galletas tipo oblea;Galletas rellenas con crema;Galletas de sabores (mantequilla, limón, vino, chocolate)","Más de 10 unidades","Calidad;Sabor;Marca","Sabor","No","No consumo","Sí, me quita el hambre","No, es igual","$1000 - $1500","No","Sí","Alto contenido de fibra;Sabor similar a una galleta elaborada tradicionalmente;Precio conveniente","Son una alternativa poco atractiva en comparación con otras opciones en el mercado"
"2024/05/16 3:43:24 p. m. GMT-4","18-24 años","Chilena","No realizo actividad física","1-2 veces a la semana","Once","Galletas de sabores (mantequilla, limón, vino, chocolate)","Más de 10 unidades","Sabor","Sabor","No","No consumo","Sí, me quita el hambre","No he prestado atención","$1000 - $1500","Tal vez","Tal vez","Sabor similar a una galleta elaborada tradicionalmente","Dependiendo del sabor, estaría dispuesto/a a probarlas"
"2024/05/16 3:49:33 p. m. GMT-4","18-24 años","Chilena","No realizo actividad física","3-4 veces a la semana","Colación","Galletas de sabores (mantequilla, limón, vino, chocolate)","1 unidad","Sabor","Sabor","No","No consumo","Sí, me quita el hambre","No he prestado atención","$1000 - $1500","Tal vez","Sí","Alto contenido de fibra;Sabor similar a una galleta elaborada tradicionalmente;Precio conveniente","No tengo suficiente información para formar una opinión"
"2024/05/16 4:03:18 p. m. GMT-4","18-24 años","Chilena","No realizo actividad física","3-4 veces a la semana","A cualquier hora del día","Galletas integrales;Galletas sin azúcar;Galletas de sabores (mantequilla, limón, vino, chocolate)","8 unidades","Sabor;Ingredientes en general","Sabor","Sí","No consumo","No, no me quita el hambre","Sí","$1500 - $2000","Tal vez","Tal vez","Sabor similar a una galleta elaborada tradicionalmente","Son una opción interesante para diversificar mi dieta y obtener nutrientes adicionales"
"2024/05/16 4:20:56 p. m. GMT-4","18-24 años","Chilena","Todos los días","3-4 veces a la semana","Colación","Galletas integrales;Galletas rellenas con crema;Galletas sin azúcar;Galletas de arroz","10 unidades","Ingredientes en general","Precio","Sí","Galletas de salvado trigo;Galletas de harina integral;Galletas de salvado arroz;Galletas con harina de cáscara de papa","No, no me quita el hambre","Sí","$500 - $1000","Tal vez","Sí","Reducción del desperdicio de alimentos","Dependiendo del sabor, estaría dispuesto/a a probarlas"
"2024/05/16 4:35:29 p. m. GMT-4","18-24 años","Chilena","1-2 veces a la semana","3-4 veces a la semana","Colación","Galletas de sabores (mantequilla, limón, vino, chocolate)","5 unidades","Calidad;Sabor;Sellos de advertencia;Marca","Calidad","Algunas veces","Galletas de salvado trigo;Galletas de harina integral","Sí, me quita el hambre","No he prestado atención","$2000 - $3000","Tal vez","Sí","Alto contenido de fibra;Reducción del desperdicio de alimentos;Sabor similar a una galleta elaborada tradicionalmente;Precio conveniente","Son una opción interesante para diversificar mi dieta y obtener nutrientes adicionales"
"2024/05/16 4:38:14 p. m. GMT-4","18-24 años","Chilena","3-4 veces a la semana","Todos los días","Colación","Galletas de soda/agua;Galletas tipo oblea","Más de 10 unidades","Precio;Calidad","Precio","Algunas veces","No consumo","Sí, me quita el hambre","No he prestado atención","$500 - $1000","Tal vez","Sí","Reducción del desperdicio de alimentos;Precio conveniente","Son una opción interesante para diversificar mi dieta y obtener nutrientes adicionales"
"2024/05/16 4:52:04 p. m. GMT-4","18-24 años","Chilena","3-4 veces a la semana","1-2 veces al mes","A cualquier hora del día","Galletas de soda/agua;Galletas rellenas con crema;Galletas de sabores (mantequilla, limón, vino, chocolate)","5 unidades","Precio;Sabor","Sabor","No","Galletas de salvado trigo","Sí, me quita el hambre","No he prestado atención","$1000 - $1500","Tal vez","Tal vez","Alto contenido de fibra;Sabor similar a una galleta elaborada tradicionalmente;Precio conveniente","Dependiendo del sabor, estaría dispuesto/a a probarlas"
"2024/05/16 5:02:27 p. m. GMT-4","18-24 años","Chilena","1-2 veces a la semana","1-2 veces a la semana","Colación","Galletas integrales;Galletas de arroz;Galletas de sabores (mantequilla, limón, vino, chocolate)","3 unidades","Calidad;Sabor;Ingredientes en general","Sabor","Sí","Galletas de harina integral","No, no me quita el hambre","No he prestado atención","$3000 o más","Sí","Sí","Alto contenido de fibra;Reducción del desperdicio de alimentos;Sabor similar a una galleta elaborada tradicionalmente;Precio conveniente","Son una opción interesante para diversificar mi dieta y obtener nutrientes adicionales"
"2024/05/16 5:29:24 p. m. GMT-4","18-24 años","Chilena","Todos los días","1-2 veces al mes","A cualquier hora del día","Galletas de sabores (mantequilla, limón, vino, chocolate)","4 unidades","Precio;Calidad;Sabor;Ingredientes en general","Sabor","Sí","Galletas de salvado trigo;Galletas de harina integral;Galletas de salvado arroz;Galletas de almidón modificado","No, no me quita el hambre","Sí","$1000 - $1500","Sí","Tal vez","Bajo contenido de grasas saturadas","Son una opción interesante para diversificar mi dieta y obtener nutrientes adicionales"
"2024/05/16 5:31:25 p. m. GMT-4","18-24 años","Chilena","1-2 veces a la semana","5-6 veces a la semana","A cualquier hora del día","Galletas de soda/agua;Galletas tipo oblea;Galletas rellenas con crema;Galletas de sabores (mantequilla, limón, vino, chocolate)","4 unidades","Precio;Sabor","Sabor","No","No consumo","Sí, me quita el hambre","No he prestado atención","$1000 - $1500","Tal vez","Sí","Sabor similar a una galleta elaborada tradicionalmente","No tengo suficiente información para formar una opinión"
"2024/05/16 5:33:53 p. m. GMT-4","18-24 años","Chilena","3-4 veces a la semana","1-2 veces a la semana","Once","Galletas de sabores (mantequilla, limón, vino, chocolate)","5 unidades","Marca","Marca","No","Galletas de salvado arroz","Sí, me quita el hambre","No he prestado atención","$1000 - $1500","Tal vez","Sí","Reducción del desperdicio de alimentos","Dependiendo del sabor, estaría dispuesto/a a probarlas"
"2024/05/16 5:35:09 p. m. GMT-4","18-24 años","Chilena","1-2 veces a la semana","1-2 veces al mes","A cualquier hora del día","Galletas tipo oblea;Galletas rellenas con crema;Galletas de sabores (mantequilla, limón, vino, chocolate)","8 unidades","Precio;Sabor;Marca","Sabor","No","No consumo","No, no me quita el hambre","No he prestado atención","$1000 - $1500","Tal vez","Tal vez","Sabor similar a una galleta elaborada tradicionalmente;Precio conveniente","Dependiendo del sabor, estaría dispuesto/a a probarlas"
"2024/05/16 5:35:20 p. m. GMT-4","18-24 años","Chilena","1-2 veces a la semana","Todos los días","Almuerzo","Galletas tipo oblea;Galletas rellenas con crema;Galletas de sabores (mantequilla, limón, vino, chocolate)","5 unidades","Sabor","Sabor","Algunas veces","No consumo","Sí, me quita el hambre","No he prestado atención","$1000 - $1500","Tal vez","Tal vez","Reducción del desperdicio de alimentos","No tengo suficiente información para formar una opinión"
"2024/05/16 5:38:48 p. m. GMT-4","18-24 años","Chilena","No realizo actividad física","1-2 veces al mes","Almuerzo","Galletas integrales;Galletas rellenas con crema;Galletas de arroz;Galletas de sabores (mantequilla, limón, vino, chocolate)","5 unidades","Calidad;Sabor;Marca","Calidad","Algunas veces","Galletas de salvado trigo;Galletas de salvado arroz","Sí, me quita el hambre","No he prestado atención","$1500 - $2000","Sí","Sí","Bajo contenido de grasas saturadas;Sabor similar a una galleta elaborada tradicionalmente","Dependiendo del sabor, estaría dispuesto/a a probarlas"
"2024/05/16 5:42:23 p. m. GMT-4","18-24 años","Chilena","No realizo actividad física","1-2 veces al mes","A cualquier hora del día","Galletas rellenas con crema;Galletas de sabores (mantequilla, limón, vino, chocolate)","8 unidades","Calidad;Sabor","Sabor","Algunas veces","No consumo","No, no me quita el hambre","No he prestado atención","$1000 - $1500","Tal vez","Sí","Sabor similar a una galleta elaborada tradicionalmente","No tengo suficiente información para formar una opinión"
"2024/05/16 5:42:28 p. m. GMT-4","18-24 años","Chilena","1-2 veces a la semana","1-2 veces a la semana","A cualquier hora del día","Galletas de sabores (mantequilla, limón, vino, chocolate)","6 unidades","Sabor","Precio","No","No consumo","Sí, me quita el hambre","Sí","$1000 - $1500","No","No","Sabor similar a una galleta elaborada tradicionalmente","No tengo suficiente información para formar una opinión"
"2024/05/16 5:44:39 p. m. GMT-4","18-24 años","Chilena","No realizo actividad física","1-2 veces a la semana","A cualquier hora del día","Galletas tipo oblea;Galletas rellenas con crema;Galletas de sabores (mantequilla, limón, vino, chocolate)","4 unidades","Sabor;Ingredientes en general;Marca","Sabor","Sí","No consumo","Sí, me quita el hambre","Sí","$1000 - $1500","Tal vez","Sí","Alto contenido de fibra;Sabor similar a una galleta elaborada tradicionalmente","Dependiendo del sabor, estaría dispuesto/a a probarlas"
"2024/05/16 5:50:21 p. m. GMT-4","18-24 años","Chilena","No realizo actividad física","1-2 veces a la semana","A cualquier hora del día","Galletas rellenas con crema;Galletas de arroz;Galletas de sabores (mantequilla, limón, vino, chocolate)","8 unidades","Precio;Calidad;Sabor;Marca","Calidad","No","No consumo","Sí, me quita el hambre","Sí","$1500 - $2000","Tal vez","No","Alto contenido de fibra;Precio conveniente","Son una opción interesante para diversificar mi dieta y obtener nutrientes adicionales"
"2024/05/16 5:54:06 p. m. GMT-4","18-24 años","Chilena","No realizo actividad física","1-2 veces al mes","A cualquier hora del día","Galletas de sabores (mantequilla, limón, vino, chocolate)","Más de 10 unidades","Sabor;Empaque llamativo;Marca","Sabor","Algunas veces","No consumo","Sí, me quita el hambre","No he prestado atención","$1000 - $1500","Tal vez","Tal vez","Precio conveniente","No tengo suficiente información para formar una opinión"
"2024/05/16 6:11:33 p. m. GMT-4","18-24 años","Chilena","No realizo actividad física","1-2 veces a la semana","Colación","Galletas rellenas con crema","7 unidades","Sabor","Marca","Algunas veces","Galletas de harina integral","Sí, me quita el hambre","Sí","$1000 - $1500","Tal vez","Sí","Sabor similar a una galleta elaborada tradicionalmente","Dependiendo del sabor, estaría dispuesto/a a probarlas"
"2024/05/16 6:13:23 p. m. GMT-4","18-24 años","Chilena","1-2 veces a la semana","1-2 veces a la semana","Desayuno","Galletas rellenas con crema;Galletas de sabores (mantequilla, limón, vino, chocolate)","7 unidades","Precio;Sabor","Sabor","No","No consumo","Sí, me quita el hambre","No he prestado atención","$500 - $1000","Tal vez","Tal vez","Alto contenido de fibra;Sabor similar a una galleta elaborada tradicionalmente;Precio conveniente","Dependiendo del sabor, estaría dispuesto/a a probarlas"
"2024/05/16 6:15:26 p. m. GMT-4","18-24 años","Chilena","3-4 veces a la semana","1-2 veces a la semana","Colación","Galletas rellenas con crema","4 unidades","Precio;Sabor;Marca","Sabor","Sí","No consumo","Sí, me quita el hambre","No he prestado atención","$1000 - $1500","Tal vez","Tal vez","Bajo contenido de grasas saturadas;Alto contenido de fibra;Sabor similar a una galleta elaborada tradicionalmente;Precio conveniente","Son una opción interesante para diversificar mi dieta y obtener nutrientes adicionales"
"2024/05/16 6:29:01 p. m. GMT-4","18-24 años","Chilena","No realizo actividad física","1-2 veces a la semana","A cualquier hora del día","Galletas integrales;Galletas de soda/agua;Galletas rellenas con crema;Galletas sin azúcar;Galletas de arroz","6 unidades","Precio;Calidad;Sabor;Ingredientes en general;Sellos de advertencia","Ingredientes en general","Sí","Galletas de salvado trigo;Galletas de harina integral","No, no me quita el hambre","Sí","$2000 - $3000","Sí","Sí","Alto contenido de fibra;Reducción del desperdicio de alimentos;Precio conveniente","Son una opción interesante para diversificar mi dieta y obtener nutrientes adicionales"
"2024/05/16 6:30:01 p. m. GMT-4","31-40 años","Chilena","No realizo actividad física","1-2 veces al mes","Colación","Galletas rellenas con crema;Galletas de sabores (mantequilla, limón, vino, chocolate)","5 unidades","Precio;Sabor","Sabor","Algunas veces","No consumo","No, no me quita el hambre","No he prestado atención","$1000 - $1500","Tal vez","Tal vez","Sabor similar a una galleta elaborada tradicionalmente;Precio conveniente","Dependiendo del sabor, estaría dispuesto/a a probarlas"
"2024/05/16 6:33:52 p. m. GMT-4","25-30 años","Chilena","No realizo actividad física","1-2 veces a la semana","A cualquier hora del día","Galletas rellenas con crema;Galletas de sabores (mantequilla, limón, vino, chocolate)","8 unidades","Sabor;Ingredientes en general;Marca","Sabor","Sí","No consumo","Sí, me quita el hambre","Sí","$1000 - $1500","No","Tal vez","Sabor similar a una galleta elaborada tradicionalmente","Dependiendo del sabor, estaría dispuesto/a a probarlas"
"2024/05/16 8:29:30 p. m. GMT-4","25-30 años","Chilena","No realizo actividad física","1-2 veces al mes","A cualquier hora del día","Galletas integrales;Galletas rellenas con crema;Galletas de sabores (mantequilla, limón, vino, chocolate)","Más de 10 unidades","Sabor;Ingredientes en general","Sabor","Algunas veces","Galletas de salvado trigo","Sí, me quita el hambre","No, es igual","$3000 o más","Tal vez","Sí","Sabor similar a una galleta elaborada tradicionalmente","No tengo suficiente información para formar una opinión"
"2024/05/16 9:08:18 p. m. GMT-4","25-30 años","Chilena","1-2 veces a la semana","1-2 veces a la semana","Colación","Galletas tipo oblea;Galletas de sabores (mantequilla, limón, vino, chocolate)","6 unidades","Precio;Sabor;Sellos de advertencia","Sabor","No","No consumo","No, no me quita el hambre","Sí","$1000 - $1500","Sí","Tal vez","Alto contenido de fibra;Precio conveniente","No tengo suficiente información para formar una opinión"
"2024/05/16 9:23:54 p. m. GMT-4","31-40 años","Chilena","1-2 veces a la semana","1-2 veces al mes","Once","Galletas tipo oblea;Galletas rellenas con crema;Galletas de sabores (mantequilla, limón, vino, chocolate)","Más de 10 unidades","Sabor","Sabor","No","No consumo","Sí, me quita el hambre","Sí","$2000 - $3000","No","Tal vez","Sabor similar a una galleta elaborada tradicionalmente","Dependiendo del sabor, estaría dispuesto/a a probarlas"
"2024/05/16 9:25:29 p. m. GMT-4","18-24 años","Chilena","1-2 veces a la semana","1-2 veces a la semana","Colación","Galletas rellenas con crema;Galletas de sabores (mantequilla, limón, vino, chocolate)","7 unidades","Precio;Calidad;Sabor","Sabor","No","No consumo","Sí, me quita el hambre","No he prestado atención","$1000 - $1500","Tal vez","Tal vez","Reducción del desperdicio de alimentos;Sabor similar a una galleta elaborada tradicionalmente","Son una opción interesante para diversificar mi dieta y obtener nutrientes adicionales"
"2024/05/16 9:40:34 p. m. GMT-4","25-30 años","Chilena","No realizo actividad física","1-2 veces a la semana","Colación","Galletas integrales;Galletas de soda/agua;Galletas tipo oblea;Galletas rellenas con crema;Galletas sin azúcar;Galletas de arroz","5 unidades","Precio;Calidad;Sabor;Ingredientes en general;Ingredientes saludables;Sellos de advertencia","Precio","Sí","Galletas de salvado trigo;Galletas de harina integral","Sí, me quita el hambre","No, es igual","$500 - $1000","Sí","Sí","Bajo contenido de grasas saturadas;Alto contenido de fibra;Reducción del desperdicio de alimentos;Sabor similar a una galleta elaborada tradicionalmente;Precio conveniente","Son una opción interesante para diversificar mi dieta y obtener nutrientes adicionales"
"2024/05/16 9:55:08 p. m. GMT-4","18-24 años","Chilena","No realizo actividad física","1-2 veces a la semana","Once","Galletas tipo oblea;Galletas de sabores (mantequilla, limón, vino, chocolate)","6 unidades","Precio;Sabor","Sabor","Algunas veces","Galletas de salvado trigo;Galletas de harina integral","Sí, me quita el hambre","No he prestado atención","$1500 - $2000","Tal vez","Tal vez","Alto contenido de fibra;Sabor similar a una galleta elaborada tradicionalmente;Precio conveniente","No tengo suficiente información para formar una opinión"
"2024/05/16 10:22:41 p. m. GMT-4","18-24 años","Chilena","1-2 veces a la semana","1-2 veces a la semana","A cualquier hora del día","Galletas integrales;Galletas tipo oblea;Galletas rellenas con crema;Galletas de arroz;Galletas de sabores (mantequilla, limón, vino, chocolate)","4 unidades","Sabor;Marca","Sabor","Sí","Galletas de salvado trigo","Sí, me quita el hambre","No, es igual","$500 - $1000","Tal vez","Sí","Alto contenido de fibra;Sabor similar a una galleta elaborada tradicionalmente;Precio conveniente","Son una opción interesante para diversificar mi dieta y obtener nutrientes adicionales"
"2024/05/16 10:45:49 p. m. GMT-4","18-24 años","Chilena","3-4 veces a la semana","Todos los días","A cualquier hora del día","Galletas tipo oblea;Galletas rellenas con crema;Galletas de sabores (mantequilla, limón, vino, chocolate)","3 unidades","Sabor;Marca","Sabor","Sí","No consumo","Sí, me quita el hambre","Sí","$1000 - $1500","Tal vez","Sí","Bajo contenido de grasas saturadas;Sabor similar a una galleta elaborada tradicionalmente;Precio conveniente","Son una opción interesante para diversificar mi dieta y obtener nutrientes adicionales"
"2024/05/16 11:02:45 p. m. GMT-4","18-24 años","Chilena","3-4 veces a la semana","1-2 veces a la semana","A cualquier hora del día","Galletas tipo oblea;Galletas rellenas con crema","Más de 10 unidades","Precio;Calidad;Sabor;Ingredientes en general;Ingredientes saludables","Sabor","Algunas veces","No consumo","Sí, me quita el hambre","No he prestado atención","$1000 - $1500","Tal vez","Sí","Bajo contenido de grasas saturadas","No tengo suficiente información para formar una opinión"
"2024/05/17 12:09:15 a. m. GMT-4","18-24 años","Chilena","5-6 veces a la semana","1-2 veces a la semana","Colación","Galletas de sabores (mantequilla, limón, vino, chocolate)","8 unidades","Sabor","Sabor","Sí","Galletas de salvado arroz","Sí, me quita el hambre","No, es igual","$2000 - $3000","Sí","Sí","Alto contenido de fibra","Dependiendo del sabor, estaría dispuesto/a a probarlas"
"2024/05/17 12:21:11 a. m. GMT-4","25-30 años","Chilena","1-2 veces a la semana","1-2 veces al mes","Once","Galletas de soda/agua;Galletas rellenas con crema;Galletas de sabores (mantequilla, limón, vino, chocolate)","10 unidades","Precio;Calidad;Sabor;Marca","Sabor","Algunas veces","Galletas de salvado trigo","Sí, me quita el hambre","No he prestado atención","$1000 - $1500","Sí","Sí","Bajo contenido de grasas saturadas;Sabor similar a una galleta elaborada tradicionalmente","Son una opción interesante para diversificar mi dieta y obtener nutrientes adicionales"
"2024/05/17 12:23:41 a. m. GMT-4","18-24 años","Chilena","5-6 veces a la semana","1-2 veces al mes","A cualquier hora del día","Galletas rellenas con crema;Galletas de sabores (mantequilla, limón, vino, chocolate)","5 unidades","Precio;Sabor","Precio","No","No consumo","Sí, me quita el hambre","No he prestado atención","$500 - $1000","Tal vez","Tal vez","Sabor similar a una galleta elaborada tradicionalmente;Precio conveniente","No tengo suficiente información para formar una opinión"
"2024/05/17 12:24:45 a. m. GMT-4","18-24 años","Chilena","No realizo actividad física","1-2 veces a la semana","Colación","Galletas de sabores (mantequilla, limón, vino, chocolate)","5 unidades","Sabor","Sabor","Algunas veces","No consumo","Sí, me quita el hambre","No he prestado atención","$1000 - $1500","Tal vez","Tal vez","Precio conveniente","No tengo suficiente información para formar una opinión"
"2024/05/17 12:35:51 a. m. GMT-4","31-40 años","Chilena","3-4 veces a la semana","1-2 veces a la semana","A cualquier hora del día","Galletas de sabores (mantequilla, limón, vino, chocolate)","6 unidades","Sabor","Sabor","Algunas veces","No consumo","Sí, me quita el hambre","No he prestado atención","$1000 - $1500","Tal vez","Tal vez","Sabor similar a una galleta elaborada tradicionalmente","Dependiendo del sabor, estaría dispuesto/a a probarlas"
"2024/05/17 7:15:24 a. m. GMT-4","25-30 años","Chilena","3-4 veces a la semana","3-4 veces a la semana","A cualquier hora del día","Galletas tipo oblea;Galletas rellenas con crema","3 unidades","Sabor","Sabor","No","No consumo","Sí, me quita el hambre","Sí","$500 - $1000","Sí","Tal vez","Precio conveniente","No tengo suficiente información para formar una opinión"
"2024/05/17 7:40:14 a. m. GMT-4","18-24 años","Chilena","No realizo actividad física","1-2 veces al mes","Cena","Galletas rellenas con crema;Galletas de sabores (mantequilla, limón, vino, chocolate)","Más de 10 unidades","Empaque llamativo","Precio","No","No consumo","Sí, me quita el hambre","No he prestado atención","$1000 - $1500","Tal vez","No","Sabor similar a una galleta elaborada tradicionalmente","No tengo suficiente información para formar una opinión"
"2024/05/17 8:09:27 a. m. GMT-4","18-24 años","Chilena","3-4 veces a la semana","Nunca","A cualquier hora del día","Galletas de soda/agua;Galletas rellenas con crema;Galletas de sabores (mantequilla, limón, vino, chocolate)","3 unidades","Sabor","Sabor","No","No consumo","Sí, me quita el hambre","No he prestado atención","$500 - $1000","Tal vez","Tal vez","Alto contenido de fibra;Sabor similar a una galleta elaborada tradicionalmente;Precio conveniente","Son una alternativa poco atractiva en comparación con otras opciones en el mercado"
"2024/05/17 8:36:36 a. m. GMT-4","18-24 años","Chilena","1-2 veces a la semana","5-6 veces a la semana","Colación","Galletas sin azúcar;Galletas de sabores (mantequilla, limón, vino, chocolate)","8 unidades","Sabor;Ingredientes saludables;Sellos de advertencia","Ingredientes saludables","Sí","Galletas de salvado trigo;Galletas de harina integral","Sí, me quita el hambre","Sí","$3000 o más","Sí","Sí","Bajo contenido de grasas saturadas;Alto contenido de fibra;Sabor similar a una galleta elaborada tradicionalmente","Son una opción interesante para diversificar mi dieta y obtener nutrientes adicionales"
"2024/05/17 9:38:22 a. m. GMT-4","18-24 años","Chilena","1-2 veces a la semana","1-2 veces al mes","Colación","Galletas de sabores (mantequilla, limón, vino, chocolate)","6 unidades","Sabor","Ingredientes en general","Algunas veces","Galletas de salvado trigo","Sí, me quita el hambre","No he prestado atención","$500 - $1000","Sí","Sí","Sabor similar a una galleta elaborada tradicionalmente","Son una opción interesante para diversificar mi dieta y obtener nutrientes adicionales"
"2024/05/17 9:41:19 a. m. GMT-4","18-24 años","Chilena","1-2 veces a la semana","1-2 veces al mes","Colación","Galletas rellenas con crema","8 unidades","Precio;Calidad;Sabor;Ingredientes en general;Sellos de advertencia","Precio","Sí","No consumo","Sí, me quita el hambre","Sí","$500 - $1000","Tal vez","Sí","Bajo contenido de grasas saturadas;Sabor similar a una galleta elaborada tradicionalmente;Precio conveniente","Son una opción interesante para diversificar mi dieta y obtener nutrientes adicionales"
"2024/05/17 9:45:54 a. m. GMT-4","25-30 años","Chilena","1-2 veces a la semana","1-2 veces al mes","Colación","Galletas de sabores (mantequilla, limón, vino, chocolate)","5 unidades","Precio;Calidad;Sabor","Sabor","Algunas veces","Galletas de salvado trigo;Galletas de harina integral;Galletas de almidón modificado","Sí, me quita el hambre","Sí","$500 - $1000","Sí","Tal vez","Bajo contenido de grasas saturadas;Alto contenido de fibra;Reducción del desperdicio de alimentos;Sabor similar a una galleta elaborada tradicionalmente;Precio conveniente","Dependiendo del sabor, estaría dispuesto/a a probarlas"
"2024/05/17 10:16:32 a. m. GMT-4","31-40 años","Chilena","3-4 veces a la semana","1-2 veces a la semana","Once","Galletas de soda/agua;Galletas de sabores (mantequilla, limón, vino, chocolate)","Más de 10 unidades","Precio;Calidad;Sabor;Ingredientes en general;Ingredientes saludables;Sellos de advertencia","Calidad","Algunas veces","No consumo","Sí, me quita el hambre","No he prestado atención","$500 - $1000","Sí","Tal vez","Bajo contenido de grasas saturadas;Alto contenido de fibra;Precio conveniente","No tengo suficiente información para formar una opinión"
"2024/05/17 11:05:49 a. m. GMT-4","18-24 años","Chilena","3-4 veces a la semana","3-4 veces a la semana","Colación","Galletas integrales;Galletas de soda/agua;Galletas rellenas con crema;Galletas de sabores (mantequilla, limón, vino, chocolate)","5 unidades","Sabor;Ingredientes saludables;Sellos de advertencia","Ingredientes saludables","Algunas veces","Galletas de almidón modificado","Sí, me quita el hambre","No he prestado atención","$1500 - $2000","Tal vez","Tal vez","Bajo contenido de grasas saturadas;Sabor similar a una galleta elaborada tradicionalmente","Dependiendo del sabor, estaría dispuesto/a a probarlas"
"2024/05/17 11:08:19 a. m. GMT-4","25-30 años","Chilena","3-4 veces a la semana","1-2 veces a la semana","Colación","Galletas integrales;Galletas de sabores (mantequilla, limón, vino, chocolate)","6 unidades","Sabor","Sabor","Sí","Galletas de salvado trigo","No, no me quita el hambre","No, es igual","$1000 - $1500","No","Tal vez","Sabor similar a una galleta elaborada tradicionalmente;Precio conveniente","Dependiendo del sabor, estaría dispuesto/a a probarlas"
"2024/05/17 11:27:37 a. m. GMT-4","18-24 años","Chilena","3-4 veces a la semana","1-2 veces a la semana","Cena","Galletas de soda/agua;Galletas rellenas con crema;Galletas de sabores (mantequilla, limón, vino, chocolate)","5 unidades","Precio;Sabor;Empaque llamativo","Sabor","No","No consumo","No, no me quita el hambre","No he prestado atención","$1500 - $2000","Tal vez","No","Alto contenido de fibra;Sabor similar a una galleta elaborada tradicionalmente;Precio conveniente","Dependiendo del sabor, estaría dispuesto/a a probarlas"
"2024/05/17 11:28:52 a. m. GMT-4","31-40 años","Chilena","3-4 veces a la semana","1-2 veces a la semana","A cualquier hora del día","Galletas rellenas con crema;Galletas de sabores (mantequilla, limón, vino, chocolate)","4 unidades","Sabor","Sabor","No","No consumo","Sí, me quita el hambre","No he prestado atención","$1000 - $1500","Tal vez","Sí","Reducción del desperdicio de alimentos;Sabor similar a una galleta elaborada tradicionalmente;Precio conveniente","Dependiendo del sabor, estaría dispuesto/a a probarlas"
"2024/05/17 12:42:12 p. m. GMT-4","31-40 años","Chilena","No realizo actividad física","1-2 veces al mes","Once","Galletas integrales","5 unidades","Precio;Calidad;Ingredientes saludables;Sellos de advertencia","Calidad","Algunas veces","Galletas de salvado trigo","Sí, me quita el hambre","Sí","$1500 - $2000","Sí","Tal vez","Reducción del desperdicio de alimentos;Sabor similar a una galleta elaborada tradicionalmente","No tengo suficiente información para formar una opinión"
"2024/05/17 2:44:06 p. m. GMT-4","18-24 años","Chilena","No realizo actividad física","1-2 veces al mes","A cualquier hora del día","Galletas de sabores (mantequilla, limón, vino, chocolate)","3 unidades","Sabor;Sellos de advertencia","Ingredientes en general","Algunas veces","Galletas de harina integral;Galletas de salvado arroz","Sí, me quita el hambre","Sí","$1000 - $1500","Sí","Sí","Bajo contenido de grasas saturadas;Sabor similar a una galleta elaborada tradicionalmente","Son una opción interesante para diversificar mi dieta y obtener nutrientes adicionales"
"2024/05/17 4:19:49 p. m. GMT-4","18-24 años","Chilena","3-4 veces a la semana","1-2 veces a la semana","Cena","Galletas de sabores (mantequilla, limón, vino, chocolate)","6 unidades","Precio;Sabor","Precio","Algunas veces","Galletas de salvado trigo","No, no me quita el hambre","Sí","$1000 - $1500","Tal vez","Sí","Sabor similar a una galleta elaborada tradicionalmente;Precio conveniente","Son una opción interesante para diversificar mi dieta y obtener nutrientes adicionales"
"2024/05/17 5:21:22 p. m. GMT-4","18-24 años","Chilena","3-4 veces a la semana","1-2 veces a la semana","A cualquier hora del día","Galletas rellenas con crema","8 unidades","Sabor","Sabor","No","No consumo","Sí, me quita el hambre","No he prestado atención","$1500 - $2000","Tal vez","Tal vez","Sabor similar a una galleta elaborada tradicionalmente","No tengo suficiente información para formar una opinión"
"2024/05/17 5:57:36 p. m. GMT-4","25-30 años","Chilena","3-4 veces a la semana","1-2 veces al mes","Once","Galletas de soda/agua;Galletas rellenas con crema;Galletas de arroz","5 unidades","Sabor;Ingredientes en general;Ingredientes saludables","Ingredientes en general","Sí","Galletas de salvado arroz","Sí, me quita el hambre","Sí","$2000 - $3000","Sí","Sí","Bajo contenido de grasas saturadas;Alto contenido de fibra;Sabor similar a una galleta elaborada tradicionalmente","Son una opción interesante para diversificar mi dieta y obtener nutrientes adicionales"
"2024/05/17 8:16:33 p. m. GMT-4","31-40 años","Chilena","No realizo actividad física","1-2 veces al mes","A cualquier hora del día","Galletas tipo oblea","Más de 10 unidades","Sabor","Sabor","No","Galletas de salvado trigo","Sí, me quita el hambre","No he prestado atención","$1000 - $1500","Tal vez","Sí","Alto contenido de fibra;Sabor similar a una galleta elaborada tradicionalmente","Dependiendo del sabor, estaría dispuesto/a a probarlas"
"2024/05/17 8:36:22 p. m. GMT-4","41-50 años","Chilena","No realizo actividad física","1-2 veces a la semana","A cualquier hora del día","Galletas de sabores (mantequilla, limón, vino, chocolate)","3 unidades","Sabor","Sabor","Algunas veces","No consumo","Sí, me quita el hambre","No he prestado atención","$1000 - $1500","Tal vez","Tal vez","Sabor similar a una galleta elaborada tradicionalmente","Dependiendo del sabor, estaría dispuesto/a a probarlas"
"2024/05/17 8:43:15 p. m. GMT-4","18-24 años","Chilena","No realizo actividad física","5-6 veces a la semana","Colación","Galletas integrales;Galletas sin azúcar","3 unidades","Precio;Sabor;Ingredientes en general","Ingredientes en general","Sí","No consumo","Sí, me quita el hambre","Sí","$500 - $1000","Tal vez","Sí","Sabor similar a una galleta elaborada tradicionalmente","Dependiendo del sabor, estaría dispuesto/a a probarlas"
"2024/05/18 2:25:55 a. m. GMT-4","18-24 años","Chilena","No realizo actividad física","1-2 veces a la semana","Colación","Galletas integrales;Galletas de soda/agua;Galletas de arroz;Galletas de sabores (mantequilla, limón, vino, chocolate)","6 unidades","Precio;Sabor;Ingredientes en general;Marca","Sabor","Algunas veces","No consumo","Sí, me quita el hambre","No he prestado atención","$1000 - $1500","Sí","No","Alto contenido de fibra;Precio conveniente","Me preocupan sus ingredientes y preferiría no probarlas"
"2024/05/18 2:25:57 a. m. GMT-4","18-24 años","Chilena","No realizo actividad física","1-2 veces a la semana","Colación","Galletas integrales;Galletas de soda/agua;Galletas de sabores (mantequilla, limón, vino, chocolate)","6 unidades","Precio;Sabor","Sabor","Algunas veces","No consumo","No, no me quita el hambre","No, es igual","$500 - $1000","No","Sí","Alto contenido de fibra","Dependiendo del sabor, estaría dispuesto/a a probarlas"
"2024/05/19 8:56:54 p. m. GMT-4","18-24 años","Chilena","3-4 veces a la semana","1-2 veces a la semana","A cualquier hora del día","Galletas de sabores (mantequilla, limón, vino, chocolate)","5 unidades","Sabor;Empaque llamativo;Marca","Sabor","No","No consumo","No, no me quita el hambre","No he prestado atención","$500 - $1000","Tal vez","Tal vez","Bajo contenido de grasas saturadas","No tengo suficiente información para formar una opinión"
"2024/05/22 12:26:58 p. m. GMT-4","18-24 años","Chilena","1-2 veces a la semana","3-4 veces a la semana","A cualquier hora del día","Galletas de soda/agua;Galletas rellenas con crema;Galletas de sabores (mantequilla, limón, vino, chocolate)","8 unidades","Precio;Sabor;Marca","Sabor","No","No consumo","Sí, me quita el hambre","No he prestado atención","$1500 - $2000","Sí","Tal vez","Sabor similar a una galleta elaborada tradicionalmente;Precio conveniente","Dependiendo del sabor, estaría dispuesto/a a probarlas"
"2024/05/22 12:27:11 p. m. GMT-4","18-24 años","Chilena","No realizo actividad física","3-4 veces a la semana","A cualquier hora del día","Galletas integrales;Galletas rellenas con crema;Galletas de arroz","4 unidades","Precio;Sabor;Marca","Precio","No","No consumo","No, no me quita el hambre","Sí","$1500 - $2000","Tal vez","Sí","Sabor similar a una galleta elaborada tradicionalmente;Precio conveniente","Dependiendo del sabor, estaría dispuesto/a a probarlas"
"2024/05/22 12:30:17 p. m. GMT-4","18-24 años","Chilena","3-4 veces a la semana","1-2 veces a la semana","Colación","Galletas rellenas con crema;Galletas sin azúcar;Galletas de sabores (mantequilla, limón, vino, chocolate)","3 unidades","Sabor;Ingredientes en general;Ingredientes saludables","Sabor","Sí","No consumo","No, no me quita el hambre","No he prestado atención","$2000 - $3000","Sí","Sí","Alto contenido de fibra;Reducción del desperdicio de alimentos;Sabor similar a una galleta elaborada tradicionalmente","Dependiendo del sabor, estaría dispuesto/a a probarlas"
"2024/05/22 12:31:34 p. m. GMT-4","18-24 años","Chilena","1-2 veces a la semana","1-2 veces al mes","A cualquier hora del día","Galletas rellenas con crema","10 unidades","Sabor","Sabor","Sí","Galletas de salvado trigo","Sí, me quita el hambre","No he prestado atención","$1000 - $1500","Sí","Sí","Sabor similar a una galleta elaborada tradicionalmente","Dependiendo del sabor, estaría dispuesto/a a probarlas"
"2024/05/22 12:37:11 p. m. GMT-4","18-24 años","Chilena","No realizo actividad física","1-2 veces a la semana","Once","Galletas rellenas con crema;Galletas de sabores (mantequilla, limón, vino, chocolate)","5 unidades","Precio;Sabor;Sellos de advertencia","Sabor","Sí","No consumo","No, no me quita el hambre","No he prestado atención","$1000 - $1500","Sí","Tal vez","Sabor similar a una galleta elaborada tradicionalmente;Precio conveniente","Dependiendo del sabor, estaría dispuesto/a a probarlas"
"2024/05/22 12:42:53 p. m. GMT-4","18-24 años","Chilena","No realizo actividad física","1-2 veces al mes","Desayuno","Galletas tipo oblea;Galletas rellenas con crema","5 unidades","Precio;Sabor;Ingredientes en general","Sabor","Sí","Galletas de salvado trigo;Galletas de salvado arroz","Sí, me quita el hambre","No he prestado atención","$1000 - $1500","Sí","Sí","Bajo contenido de grasas saturadas;Alto contenido de fibra;Reducción del desperdicio de alimentos;Sabor similar a una galleta elaborada tradicionalmente;Precio conveniente","Dependiendo del sabor, estaría dispuesto/a a probarlas"
"2024/05/22 1:26:00 p. m. GMT-4","18-24 años","Chilena","No realizo actividad física","3-4 veces a la semana","A cualquier hora del día","Galletas rellenas con crema;Galletas de sabores (mantequilla, limón, vino, chocolate)","6 unidades","Precio;Sabor","Precio","No","No consumo","Sí, me quita el hambre","No he prestado atención","$500 - $1000","Tal vez","Tal vez","Precio conveniente","No tengo suficiente información para formar una opinión"
"2024/05/22 2:25:12 p. m. GMT-4","18-24 años","Chilena","3-4 veces a la semana","1-2 veces al mes","Almuerzo","Galletas integrales;Galletas rellenas con crema;Galletas de sabores (mantequilla, limón, vino, chocolate)","3 unidades","Sabor;Ingredientes en general","Ingredientes en general","Sí","Galletas de salvado trigo","No, no me quita el hambre","Sí","$2000 - $3000","Tal vez","Sí","Bajo contenido de grasas saturadas;Alto contenido de fibra;Sabor similar a una galleta elaborada tradicionalmente","Son una opción interesante para diversificar mi dieta y obtener nutrientes adicionales"
"2024/05/22 2:27:15 p. m. GMT-4","25-30 años","Chilena","No realizo actividad física","1-2 veces a la semana","Cena","Galletas rellenas con crema;Galletas de sabores (mantequilla, limón, vino, chocolate)","5 unidades","Precio;Calidad;Sabor;Empaque llamativo","Sabor","Algunas veces","No consumo","Sí, me quita el hambre","No he prestado atención","$3000 o más","Sí","Sí","Sabor similar a una galleta elaborada tradicionalmente","Dependiendo del sabor, estaría dispuesto/a a probarlas"
"2024/05/22 2:47:10 p. m. GMT-4","18-24 años","Chilena","No realizo actividad física","5-6 veces a la semana","A cualquier hora del día","Galletas tipo oblea;Galletas rellenas con crema;Galletas de sabores (mantequilla, limón, vino, chocolate)","Más de 10 unidades","Precio;Sabor;Marca","Sabor","No","No consumo","No, no me quita el hambre","Sí","$1000 - $1500","Tal vez","Sí","Alto contenido de fibra;Reducción del desperdicio de alimentos;Sabor similar a una galleta elaborada tradicionalmente","Son una opción interesante para diversificar mi dieta y obtener nutrientes adicionales"
"2024/05/22 2:51:11 p. m. GMT-4","18-24 años","Chilena","1-2 veces a la semana","1-2 veces al mes","A cualquier hora del día","Galletas integrales;Galletas de soda/agua;Galletas tipo oblea;Galletas rellenas con crema;Galletas de arroz;Galletas de sabores (mantequilla, limón, vino, chocolate)","5 unidades","Precio;Sabor","Precio","Sí","Galletas de harina integral","Sí, me quita el hambre","Sí","$1500 - $2000","Tal vez","Tal vez","Bajo contenido de grasas saturadas;Alto contenido de fibra;Sabor similar a una galleta elaborada tradicionalmente;Precio conveniente","Dependiendo del sabor, estaría dispuesto/a a probarlas"
"2024/05/22 2:51:29 p. m. GMT-4","18-24 años","Chilena","No realizo actividad física","Nunca","A cualquier hora del día","Galletas rellenas con crema;Galletas de sabores (mantequilla, limón, vino, chocolate)","3 unidades","Precio;Calidad;Sabor","Sabor","No","No consumo","No, no me quita el hambre","No he prestado atención","$1000 - $1500","Tal vez","Sí","Precio conveniente","Dependiendo del sabor, estaría dispuesto/a a probarlas"
"2024/05/22 2:53:21 p. m. GMT-4","18-24 años","Chilena","1-2 veces a la semana","1-2 veces a la semana","Colación","Galletas integrales;Galletas tipo oblea;Galletas sin azúcar;Galletas de sabores (mantequilla, limón, vino, chocolate)","4 unidades","Precio;Sabor;Ingredientes en general;Ingredientes saludables","Ingredientes en general","Sí","No consumo","Sí, me quita el hambre","No, es igual","$1500 - $2000","Tal vez","No","Sabor similar a una galleta elaborada tradicionalmente","No tengo suficiente información para formar una opinión"
"2024/05/22 2:53:43 p. m. GMT-4","18-24 años","Chilena","1-2 veces a la semana","1-2 veces a la semana","Colación","Galletas rellenas con crema;Galletas de sabores (mantequilla, limón, vino, chocolate)","4 unidades","Precio;Sabor;Marca","Sabor","No","No consumo","Sí, me quita el hambre","Sí","$1000 - $1500","Tal vez","Sí","Bajo contenido de grasas saturadas;Alto contenido de fibra;Reducción del desperdicio de alimentos;Sabor similar a una galleta elaborada tradicionalmente;Precio conveniente","Son una opción interesante para diversificar mi dieta y obtener nutrientes adicionales"
"2024/05/22 2:57:39 p. m. GMT-4","18-24 años","Chilena","No realizo actividad física","3-4 veces a la semana","Colación","Galletas sin azúcar;Galletas de arroz","3 unidades","Calidad;Ingredientes en general;Marca","Ingredientes en general","Sí","Galletas de salvado trigo","Sí, me quita el hambre","No, es igual","$1000 - $1500","Sí","Sí","Bajo contenido de grasas saturadas","Dependiendo del sabor, estaría dispuesto/a a probarlas"
"2024/05/22 2:58:02 p. m. GMT-4","18-24 años","Chilena","3-4 veces a la semana","1-2 veces a la semana","A cualquier hora del día","Galletas integrales;Galletas de sabores (mantequilla, limón, vino, chocolate)","5 unidades","Precio;Calidad;Sabor;Sellos de advertencia;Marca","Sabor","Algunas veces","No consumo","Sí, me quita el hambre","No, es igual","$500 - $1000","Tal vez","Sí","Alto contenido de fibra;Sabor similar a una galleta elaborada tradicionalmente;Precio conveniente","Dependiendo del sabor, estaría dispuesto/a a probarlas"
"2024/05/22 3:01:58 p. m. GMT-4","18-24 años","Chilena","1-2 veces a la semana","5-6 veces a la semana","A cualquier hora del día","Galletas tipo oblea;Galletas rellenas con crema;Galletas de sabores (mantequilla, limón, vino, chocolate)","7 unidades","Precio;Sabor","Sabor","No","No consumo","No, no me quita el hambre","No, es igual","$1000 - $1500","Sí","Sí","Precio conveniente","No tengo suficiente información para formar una opinión"
"2024/05/22 3:04:33 p. m. GMT-4","18-24 años","Chilena","1-2 veces a la semana","3-4 veces a la semana","A cualquier hora del día","Galletas rellenas con crema","6 unidades","Calidad;Sabor","Sabor","No","No consumo","No, no me quita el hambre","No, es igual","$500 - $1000","Tal vez","Sí","Bajo contenido de grasas saturadas;Alto contenido de fibra;Sabor similar a una galleta elaborada tradicionalmente;Precio conveniente","Dependiendo del sabor, estaría dispuesto/a a probarlas"
"2024/05/22 3:11:40 p. m. GMT-4","18-24 años","Chilena","No realizo actividad física","1-2 veces a la semana","Colación","Galletas integrales;Galletas tipo oblea;Galletas rellenas con crema;Galletas de sabores (mantequilla, limón, vino, chocolate)","5 unidades","Precio;Calidad;Sabor;Marca","Sabor","Algunas veces","No consumo","Sí, me quita el hambre","No he prestado atención","$1000 - $1500","Tal vez","Tal vez","Sabor similar a una galleta elaborada tradicionalmente","Dependiendo del sabor, estaría dispuesto/a a probarlas"
"2024/05/22 3:12:02 p. m. GMT-4","18-24 años","Chilena","1-2 veces a la semana","1-2 veces a la semana","A cualquier hora del día","Galletas rellenas con crema","4 unidades","Precio;Sabor","Sabor","Algunas veces","No consumo","Sí, me quita el hambre","No he prestado atención","$1000 - $1500","Tal vez","Sí","Sabor similar a una galleta elaborada tradicionalmente;Precio conveniente","Dependiendo del sabor, estaría dispuesto/a a probarlas"
"2024/05/22 3:16:01 p. m. GMT-4","18-24 años","Otra","1-2 veces a la semana","1-2 veces al mes","Colación","Galletas de sabores (mantequilla, limón, vino, chocolate)","7 unidades","Precio;Sabor","Sabor","Algunas veces","No consumo","Sí, me quita el hambre","No he prestado atención","$1000 - $1500","Sí","Sí","Reducción del desperdicio de alimentos;Precio conveniente","Dependiendo del sabor, estaría dispuesto/a a probarlas"
"2024/05/22 3:22:40 p. m. GMT-4","41-50 años","Chilena","3-4 veces a la semana","1-2 veces al mes","Colación","Galletas de sabores (mantequilla, limón, vino, chocolate)","4 unidades","Precio;Calidad;Sabor;Marca","Precio","Sí","No consumo","No, no me quita el hambre","No he prestado atención","$1000 - $1500","Sí","Sí","Alto contenido de fibra","Son una opción interesante para diversificar mi dieta y obtener nutrientes adicionales"
"2024/05/22 3:25:31 p. m. GMT-4","18-24 años","Chilena","No realizo actividad física","3-4 veces a la semana","Desayuno","Galletas tipo oblea;Galletas rellenas con crema;Galletas de arroz;Galletas de sabores (mantequilla, limón, vino, chocolate)","7 unidades","Sabor","Sabor","No","No consumo","Sí, me quita el hambre","No he prestado atención","$1500 - $2000","Tal vez","Tal vez","Sabor similar a una galleta elaborada tradicionalmente","Son una opción interesante para diversificar mi dieta y obtener nutrientes adicionales"
"2024/05/22 3:33:37 p. m. GMT-4","18-24 años","Chilena","1-2 veces a la semana","Todos los días","Colación","Galletas rellenas con crema;Galletas de sabores (mantequilla, limón, vino, chocolate)","3 unidades","Precio;Calidad;Sabor;Sellos de advertencia","Sabor","Algunas veces","Galletas de harina integral","Sí, me quita el hambre","No he prestado atención","$500 - $1000","Tal vez","Tal vez","Sabor similar a una galleta elaborada tradicionalmente;Precio conveniente","Son una opción interesante para diversificar mi dieta y obtener nutrientes adicionales"
"2024/05/22 3:59:46 p. m. GMT-4","18-24 años","Chilena","No realizo actividad física","1-2 veces a la semana","Colación","Galletas de soda/agua;Galletas rellenas con crema;Galletas de sabores (mantequilla, limón, vino, chocolate)","3 unidades","Precio;Sabor;Marca","Marca","Algunas veces","No consumo","Sí, me quita el hambre","No he prestado atención","$1500 - $2000","Sí","Tal vez","Sabor similar a una galleta elaborada tradicionalmente","No tengo suficiente información para formar una opinión"
"2024/05/22 4:00:05 p. m. GMT-4","18-24 años","Chilena","3-4 veces a la semana","1-2 veces a la semana","A cualquier hora del día","Galletas tipo oblea;Galletas rellenas con crema;Galletas de sabores (mantequilla, limón, vino, chocolate)","5 unidades","Precio;Calidad;Sabor;Sellos de advertencia;Marca","Marca","No","No consumo","No, no me quita el hambre","Sí","$1000 - $1500","Tal vez","No","Alto contenido de fibra;Sabor similar a una galleta elaborada tradicionalmente;Precio conveniente","Dependiendo del sabor, estaría dispuesto/a a probarlas"
"2024/05/22 4:43:11 p. m. GMT-4","18-24 años","Chilena","1-2 veces a la semana","1-2 veces a la semana","A cualquier hora del día","Galletas integrales;Galletas de soda/agua;Galletas tipo oblea;Galletas rellenas con crema;Galletas de sabores (mantequilla, limón, vino, chocolate)","10 unidades","Calidad;Sabor;Marca","Sabor","No","Galletas de salvado trigo","Sí, me quita el hambre","No, es igual","$1500 - $2000","Tal vez","No","Sabor similar a una galleta elaborada tradicionalmente;Precio conveniente","Son una alternativa poco atractiva en comparación con otras opciones en el mercado"
"2024/05/22 4:43:47 p. m. GMT-4","18-24 años","Chilena","5-6 veces a la semana","1-2 veces a la semana","A cualquier hora del día","Galletas integrales;Galletas de soda/agua;Galletas de arroz;Galletas de sabores (mantequilla, limón, vino, chocolate)","6 unidades","Precio;Calidad;Sabor;Ingredientes en general","Sabor","Sí","Galletas de salvado trigo","Sí, me quita el hambre","Sí","$1000 - $1500","Tal vez","Tal vez","Sabor similar a una galleta elaborada tradicionalmente","Son una opción interesante para diversificar mi dieta y obtener nutrientes adicionales"
"2024/05/22 4:48:54 p. m. GMT-4","18-24 años","Chilena","No realizo actividad física","1-2 veces al mes","A cualquier hora del día","Galletas rellenas con crema","9 unidades","Marca","Sabor","Algunas veces","No consumo","Sí, me quita el hambre","No he prestado atención","$1500 - $2000","No","Tal vez","Sabor similar a una galleta elaborada tradicionalmente","Son una opción interesante para diversificar mi dieta y obtener nutrientes adicionales"
"2024/05/22 5:43:26 p. m. GMT-4","18-24 años","Chilena","1-2 veces a la semana","1-2 veces al mes","Once","Galletas de sabores (mantequilla, limón, vino, chocolate)","Más de 10 unidades","Precio;Calidad;Sabor;Sellos de advertencia;Marca","Marca","No","No consumo","Sí, me quita el hambre","No, es igual","$1500 - $2000","Sí","Sí","Reducción del desperdicio de alimentos;Sabor similar a una galleta elaborada tradicionalmente;Precio conveniente","No tengo suficiente información para formar una opinión"
"2024/05/22 5:58:53 p. m. GMT-4","18-24 años","Chilena","No realizo actividad física","1-2 veces a la semana","Colación","Galletas rellenas con crema;Galletas de sabores (mantequilla, limón, vino, chocolate)","5 unidades","Precio;Sabor;Marca","Sabor","Algunas veces","Galletas de almidón modificado","Sí, me quita el hambre","No, es igual","$500 - $1000","Sí","Sí","Alto contenido de fibra;Sabor similar a una galleta elaborada tradicionalmente;Precio conveniente","Dependiendo del sabor, estaría dispuesto/a a probarlas"
"2024/05/22 6:18:06 p. m. GMT-4","18-24 años","Chilena","1-2 veces a la semana","3-4 veces a la semana","Colación","Galletas de arroz;Galletas de sabores (mantequilla, limón, vino, chocolate)","4 unidades","Precio;Sabor;Marca","Sabor","No","Galletas de salvado arroz","Sí, me quita el hambre","No he prestado atención","$500 - $1000","No","Tal vez","Sabor similar a una galleta elaborada tradicionalmente;Precio conveniente","No tengo suficiente información para formar una opinión"
"2024/05/22 6:26:09 p. m. GMT-4","18-24 años","Chilena","No realizo actividad física","1-2 veces a la semana","A cualquier hora del día","Galletas rellenas con crema;Galletas de sabores (mantequilla, limón, vino, chocolate)","Más de 10 unidades","Precio;Calidad;Marca","Sabor","Algunas veces","No consumo","Sí, me quita el hambre","No he prestado atención","$2000 - $3000","Tal vez","Sí","Sabor similar a una galleta elaborada tradicionalmente","Son una alternativa poco atractiva en comparación con otras opciones en el mercado"
"2024/05/22 6:49:11 p. m. GMT-4","18-24 años","Chilena","No realizo actividad física","3-4 veces a la semana","Colación","Galletas rellenas con crema;Galletas de sabores (mantequilla, limón, vino, chocolate)","10 unidades","Precio;Sabor;Marca","Sabor","No","Galletas de salvado trigo","Sí, me quita el hambre","No he prestado atención","$1000 - $1500","Tal vez","Tal vez","Alto contenido de fibra;Sabor similar a una galleta elaborada tradicionalmente;Precio conveniente","Dependiendo del sabor, estaría dispuesto/a a probarlas"
"2024/05/22 6:58:22 p. m. GMT-4","18-24 años","Chilena","1-2 veces a la semana","3-4 veces a la semana","A cualquier hora del día","Galletas tipo oblea;Galletas rellenas con crema;Galletas de sabores (mantequilla, limón, vino, chocolate)","8 unidades","Precio;Calidad;Sabor","Sabor","Algunas veces","No consumo","No, no me quita el hambre","No he prestado atención","$1500 - $2000","Tal vez","Tal vez","Sabor similar a una galleta elaborada tradicionalmente;Precio conveniente","Dependiendo del sabor, estaría dispuesto/a a probarlas"
"2024/05/22 7:08:30 p. m. GMT-4","31-40 años","Chilena","1-2 veces a la semana","1-2 veces a la semana","Colación","Galletas integrales;Galletas de soda/agua;Galletas tipo oblea;Galletas rellenas con crema","4 unidades","Precio;Sabor;Ingredientes saludables;Marca","Sabor","Algunas veces","Galletas de harina integral","Sí, me quita el hambre","Sí","$500 - $1000","No","Tal vez","Bajo contenido de grasas saturadas;Sabor similar a una galleta elaborada tradicionalmente;Precio conveniente","Dependiendo del sabor, estaría dispuesto/a a probarlas"
"2024/05/22 7:57:22 p. m. GMT-4","18-24 años","Chilena","No realizo actividad física","1-2 veces a la semana","Once","Galletas tipo oblea;Galletas de sabores (mantequilla, limón, vino, chocolate)","5 unidades","Precio;Calidad;Sabor","Sabor","No","No consumo","Sí, me quita el hambre","No he prestado atención","$1000 - $1500","Sí","Tal vez","Alto contenido de fibra;Reducción del desperdicio de alimentos;Sabor similar a una galleta elaborada tradicionalmente","No tengo suficiente información para formar una opinión"
"2024/05/22 9:06:37 p. m. GMT-4","41-50 años","Chilena","3-4 veces a la semana","3-4 veces a la semana","A cualquier hora del día","Galletas de sabores (mantequilla, limón, vino, chocolate)","7 unidades","Sabor","Sabor","No","No consumo","No, no me quita el hambre","No, es igual","$3000 o más","Tal vez","Tal vez","Reducción del desperdicio de alimentos","Dependiendo del sabor, estaría dispuesto/a a probarlas"
"2024/05/23 2:30:06 a. m. GMT-4","18-24 años","Chilena","No realizo actividad física","1-2 veces al mes","Once","Galletas rellenas con crema;Galletas de sabores (mantequilla, limón, vino, chocolate)","4 unidades","Precio;Sabor;Marca","Precio","Algunas veces","No consumo","Sí, me quita el hambre","No he prestado atención","$1000 - $1500","Tal vez","Tal vez","Reducción del desperdicio de alimentos;Precio conveniente","Dependiendo del sabor, estaría dispuesto/a a probarlas"
"2024/05/23 2:33:40 p. m. GMT-4","18-24 años","Chilena","3-4 veces a la semana","1-2 veces a la semana","Colación","Galletas de sabores (mantequilla, limón, vino, chocolate)","4 unidades","Precio;Sabor;Ingredientes en general","Sabor","Sí","Galletas de salvado trigo","Sí, me quita el hambre","No he prestado atención","$1000 - $1500","Tal vez","Sí","Sabor similar a una galleta elaborada tradicionalmente","Son una opción interesante para diversificar mi dieta y obtener nutrientes adicionales"